'data_set_identifier','efo_term','chromosome','position','reference_allele','alternative_allele','snp','strand','effect_allele_frequency','minor_allele_frequency','effect_estimate','standard_error','p','z','genotype_imputation_score','direction','number_of_participants','number_of_cases','number_of_controls','hetisq','hetdf','hetpval','hweq','original_effect_allele', 'original_other_allele', 'original_strand', 'original_direction', 'original_effect_allele_frequency'," 'statistics_imputation_score'

"
PMID_27863252_EFO_0007995_toy_example,EFO_0007995,3,60157,G,A,rs186476240,+,0.5,0.0043,0.03872973,-1.5,0.2314,1.196661005,,+,,,,,,,,A,G,+,+,0.0043,NA
PMID_27863252_EFO_0007995_toy_example,EFO_0007995,3,60648,A,G,rs138886950,+,0.0641,0.0641,0.008541346,0.007147848,0.2321,1.194953502,,+,,,,,,,,G,A,+,+,0.0641,NA
PMID_27863252_EFO_0007995_toy_example,EFO_0007995,3,60596,C,A,rs13067307,+,0.47200000000000003,0.47200000000000003,0.004199917,0.0035320990000000003,0.2344,1.1890711440000001,,+,,,,,,,,A,C,+,+,0.47200000000000003,NA
PMID_27863252_EFO_0007995_toy_example,EFO_0007995,3,60383,C,A,rs186088964,+,0.0051,0.0051,-0.003614304,0.02487213,0.8845,-0.145315419,,-,,,,,,,,A,C,+,-,0.0051,NA
PMID_27863252_EFO_0007995_toy_example,EFO_0007995,3,60661,A,G,rs149416290,+,0.0002,0.0002,0.05492236,0.153947,0.7213,0.356761483,,+,,,,,,,,G,A,+,+,0.0002,NA
PMID_27863252_EFO_0007995_toy_example,EFO_0007995,3,60202,C,G,rs28729284,+,0.0002,0.0002,0.2016622,0.1825625,0.2693,1.104620062,,+,,,,,,,,G,C,+,+,0.0002,NA
PMID_27863252_EFO_0007995_toy_example,EFO_0007995,3,60197,G,A,rs115479960,+,0.0643,0.0643,0.01009825,0.007129763000000001,0.1567,1.416351427,,+,,,,,,,,A,G,+,+,0.0643,NA
PMID_27863252_EFO_0007995_toy_example,EFO_0007995,3,60162,A,G,rs778884748,+,0.0007,0.0007,0.09945471,0.09633065,0.3019,1.032430592,,+,,,,,,,,G,A,+,+,0.0007,NA
PMID_27863252_EFO_0007995_toy_example,EFO_0007995,3,60363,A,G,rs141398405,+,0.0835,0.0835,-0.005361945999999999,0.006375702,0.4003,-0.84099696,,-,,,,,,,,G,A,+,-,0.0835,NA
PMID_27863252_EFO_0007995_toy_example,EFO_0007995,4,10682,C,G,,+,0.0013,0.0013,-0.100508,0.06971192,0.1494,-1.44176204012169,,-,,,,,,,,G,C,+,-,0.0013,NA
PMID_27863252_EFO_0007995_toy_example,EFO_0007995,4,10005,T,TA,,+,0.0012,0.0012,0.05333371,0.06857288,0.4367,0.7777668081025619,,+,,,,,,,,TA,T,+,+,0.0012,NA
PMID_27863252_EFO_0007995_toy_example,EFO_0007995,4,10253,G,T,,+,0.0025,0.0025,-0.03227447,0.04620944,0.4849,-0.6984388904085401,,-,,,,,,,,T,G,+,-,0.0025,NA
PMID_27863252_EFO_0007995_toy_example,EFO_0007995,4,10404,G,A,,+,0.0007,0.0007,0.1473388,0.09558614,0.1232,1.54142431109782,,+,,,,,,,,A,G,+,+,0.0007,NA
PMID_27863252_EFO_0007995_toy_example,EFO_0007995,4,10430,G,A,,+,0.0002,0.0002,-0.2628531,0.1722131,0.1269,-1.5263246524219098,,-,,,,,,,,A,G,+,-,0.0002,NA
PMID_27863252_EFO_0007995_toy_example,EFO_0007995,4,10456,G,C,,+,0.0018,0.0018,-0.02196669,0.06264538,0.7258,-0.350651396798934,,-,,,,,,,,C,G,+,-,0.0018,NA
PMID_27863252_EFO_0007995_toy_example,EFO_0007995,4,10519,G,A,,+,0.0025,0.0025,-0.02892013,0.04636692,0.5328,-0.623723335515924,,-,,,,,,,,A,G,+,-,0.0025,NA
PMID_27863252_EFO_0007995_toy_example,EFO_0007995,4,10642,G,C,,+,0.1155,0.1155,0.00881151,0.006660255,0.1858,1.32299889418648,,+,,,,,,,,C,G,+,+,0.1155,NA
PMID_27863252_EFO_0007995_toy_example,EFO_0007995,4,10695,G,A,,+,0.0024,0.0024,-0.02661969,0.04666684,0.5684,-0.5704198098692779,,-,,,,,,,,A,G,+,-,0.0024,NA
